{"train/global_step": 0, "_timestamp": 1722005469.644278, "global_step": 0, "_runtime": 13.533679962158203, "_step": 0, "_wandb": {"runtime": 15}}