{"train/global_step": 0, "_timestamp": 1721952945.797514, "global_step": 17, "train/epoch_loss": 4.751155376434326, "train/epoch_acc": 0.5839962363243103, "_runtime": 138.0134780406952, "_step": 1, "validation/global_step": 0, "validation/evaluation_loss_vs_iterations": 0.3333781659603119, "validation/evaluation_acc_vs_iterations": 0.8608695864677429, "validation/epoch_loss": 0.3333781659603119, "validation/epoch_acc": 0.8608695864677429, "_wandb": {"runtime": 170}}