{"train/global_step": 34, "_timestamp": 1722020563.540058, "global_step": 595, "_runtime": 1888.1372318267822, "_step": 69, "validation/global_step": 34, "validation/evaluation_loss_vs_iterations": 0.08988994359970093, "validation/evaluation_acc_vs_iterations": 0.9721739292144775, "validation/epoch_loss": 0.08988994359970093, "validation/epoch_acc": 0.9721739292144775, "train/epoch_loss": 0.12951050698757172, "train/epoch_acc": 0.9475900530815125, "_wandb": {"runtime": 1910}}