{"train/global_step": 0, "_timestamp": 1722005848.088505, "global_step": 17, "train/epoch_loss": 5.123445510864258, "train/epoch_acc": 0.5072531700134277, "_runtime": 112.73026704788208, "_step": 1, "validation/global_step": 0, "validation/evaluation_loss_vs_iterations": 0.34055250883102417, "validation/evaluation_acc_vs_iterations": 0.8773912787437439, "validation/epoch_loss": 0.34055250883102417, "validation/epoch_acc": 0.8773912787437439, "_wandb": {"runtime": 184}}