{"train/global_step": 29, "_timestamp": 1722007614.90409, "global_step": 510, "train/epoch_loss": 0.2267693281173706, "train/epoch_acc": 0.9255966544151306, "_runtime": 1600.3397459983826, "_step": 59, "validation/global_step": 29, "validation/evaluation_loss_vs_iterations": 0.2655986249446869, "validation/evaluation_acc_vs_iterations": 0.9095652103424072, "validation/epoch_loss": 0.2655986249446869, "validation/epoch_acc": 0.9095652103424072, "_wandb": {"runtime": 1602}}