{"train/global_step": 0, "_timestamp": 1722005359.361966, "global_step": 0, "_runtime": 13.569255828857422, "_step": 0, "_wandb": {"runtime": 14}}