{"loss": [6.157254219055176, 0.9969446659088135, 0.8052229881286621, 0.6689931154251099, 0.5432950854301453, 0.4700060188770294, 0.4430357813835144, 0.3823451101779938, 0.4347270429134369, 0.32933908700942993, 0.349444717168808, 0.30317696928977966, 0.2646961212158203, 0.3135424852371216, 0.2913576364517212, 0.3117389678955078, 0.3069363832473755, 0.2225813865661621, 0.2277444452047348, 0.24137401580810547, 0.23291513323783875, 0.21888546645641327, 0.2315853387117386, 0.22763623297214508, 0.19855880737304688, 0.24451901018619537, 0.17202569544315338, 0.21000032126903534, 0.1760617196559906, 0.2267693281173706], "acc": [0.4899391531944275, 0.6841366291046143, 0.7140851616859436, 0.7678989171981812, 0.8095461130142212, 0.8217126727104187, 0.8334113359451294, 0.8521291613578796, 0.8474497199058533, 0.882077693939209, 0.8745905756950378, 0.8909686207771301, 0.9045390486717224, 0.8867571353912354, 0.9003275632858276, 0.8909686207771301, 0.8919045329093933, 0.9195133447647095, 0.9171736240386963, 0.9176415801048279, 0.9195133447647095, 0.9209171533584595, 0.9181094765663147, 0.9157697558403015, 0.9321478605270386, 0.9246607422828674, 0.9372952580451965, 0.9363594055175781, 0.9372952580451965, 0.9255966544151306], "val_loss": [1.192201852798462, 0.5220082402229309, 0.573939323425293, 0.33981433510780334, 0.2315455973148346, 0.2508660852909088, 0.43200862407684326, 0.21079623699188232, 0.22821426391601562, 0.15841639041900635, 0.15847709774971008, 0.13134883344173431, 0.20298123359680176, 0.3739140033721924, 0.11379729211330414, 0.12258414924144745, 0.17342695593833923, 0.12269990146160126, 0.24982894957065582, 0.09097176790237427, 0.13670261204242706, 0.10486327111721039, 0.10134322941303253, 0.09111620485782623, 0.15841063857078552, 0.11177793890237808, 0.08360465615987778, 0.08330973982810974, 0.11300589889287949, 0.2655986249446869], "val_acc": [0.5947825908660889, 0.7626087069511414, 0.7678260803222656, 0.8660869598388672, 0.9069564938545227, 0.9156521558761597, 0.8165217638015747, 0.9147825837135315, 0.9165217280387878, 0.9469565153121948, 0.939130425453186, 0.9513043761253357, 0.9165217280387878, 0.8730434775352478, 0.9634782671928406, 0.9573913216590881, 0.9382608532905579, 0.9591304063796997, 0.8999999761581421, 0.9660869836807251, 0.9495652318000793, 0.9643478393554688, 0.9660869836807251, 0.9669564962387085, 0.9365217685699463, 0.9599999785423279, 0.9713043570518494, 0.969565212726593, 0.9617391228675842, 0.9095652103424072]}