{"loss": [3.6040236949920654, 0.4742577373981476, 0.30125904083251953, 0.22576069831848145, 0.24113912880420685, 0.11546284705400467, 0.305753231048584, 0.09441521763801575, 0.17111501097679138, 0.03693481534719467, 0.13497872650623322, 0.07614091038703918, 0.016146652400493622, 0.14197266101837158, 0.012830505147576332, 0.09485948085784912, 0.04708927497267723, 0.020329691469669342, 0.012901815585792065, 0.14237910509109497, 0.008042514324188232, 0.003999081905931234, 0.01346867997199297, 0.002472229301929474, 0.1446649581193924, 0.004962265491485596, 0.0025256723165512085, 0.0022383916657418013, 0.04521198198199272, 0.01267666183412075], "acc": [0.5882077813148499, 0.8483855724334717, 0.9045390486717224, 0.9138979911804199, 0.9204492568969727, 0.9616284370422363, 0.9260645508766174, 0.9723911881446838, 0.9513336420059204, 0.9897052049636841, 0.9700514674186707, 0.9761347770690918, 0.996256411075592, 0.9592887163162231, 0.9943846464157104, 0.9803462624549866, 0.9859616160392761, 0.9920449256896973, 0.9957885146141052, 0.9630323052406311, 0.9971923232078552, 0.9990640878677368, 0.9953205585479736, 1.0, 0.9737950563430786, 0.9990640878677368, 0.9990640878677368, 1.0, 0.9911090135574341, 0.996256411075592], "val_loss": [0.38139671087265015, 0.6910246014595032, 0.23149187862873077, 0.3565711975097656, 0.09595916420221329, 0.2510606646537781, 0.15737725794315338, 0.08782891184091568, 0.08077087253332138, 0.08131743222475052, 1.262019395828247, 0.0990457758307457, 0.14639678597450256, 0.10970853269100189, 0.09162219613790512, 1.011255145072937, 0.093934565782547, 0.11823094636201859, 0.11334262043237686, 0.14031928777694702, 0.10984837263822556, 0.2793563902378082, 0.11189588159322739, 0.1823596954345703, 0.1261192113161087, 0.10892263799905777, 0.11565866321325302, 0.12122275680303574, 0.5561116933822632, 0.11564893275499344], "val_acc": [0.8365217447280884, 0.7452173829078674, 0.9130434989929199, 0.8852173686027527, 0.9721739292144775, 0.9139130711555481, 0.9513043761253357, 0.9660869836807251, 0.9721739292144775, 0.9704347848892212, 0.7921739220619202, 0.9747825860977173, 0.9573913216590881, 0.9756521582603455, 0.9713043570518494, 0.8426086902618408, 0.9747825860977173, 0.9669564962387085, 0.9739130139350891, 0.9617391228675842, 0.9739130139350891, 0.9469565153121948, 0.9747825860977173, 0.9626086950302124, 0.9730435013771057, 0.9756521582603455, 0.9765217304229736, 0.9747825860977173, 0.9017391204833984, 0.9747825860977173]}