{"train/global_step": 29, "_timestamp": 1721954743.438756, "global_step": 510, "_runtime": 1464.0171930789948, "_step": 59, "validation/global_step": 29, "validation/evaluation_loss_vs_iterations": 0.11564893275499344, "validation/evaluation_acc_vs_iterations": 0.9747825860977173, "validation/epoch_loss": 0.11564893275499344, "validation/epoch_acc": 0.9747825860977173, "train/epoch_loss": 0.01267666183412075, "train/epoch_acc": 0.996256411075592, "_wandb": {"runtime": 1465}}